backbone,pe,dataset,n_seeds,rho_d_min,rho_d_max,rho_weighting,metric_mean,metric_std,rho,s_bar_1_raw_gain,n_pairs_total,n_pairs_tail,max_d_populated,min_graphs_in_tail_bucket,graphs_at_d1,clustered_by,n_measurements,n_graphs,rho_ci_lo,rho_ci_hi,rho_seed_mean,rho_seed_std,n_seeds_with_curves,rho_rel,rho_rel_ci_lo,rho_rel_ci_hi,rho_rel_window,n_graphs_rel
gps,lappe,pascalvoc-sp,3,14,36,per_distance,0.3738033333333333,0.007303302905763497,0.4304170879807444,6.227200256937131,23593280,7060158,54,3,3,graph_id,768,634,0.42439224694772243,0.4528898563479751,0.4288724755928682,0.006511527789513519,3,0.3238491494889385,0.32011200038116316,0.3279084800255134,bins 6-10 of 10,634
gps,rwse,pascalvoc-sp,3,14,36,per_distance,0.38073,0.006463876545850799,0.4272366933767107,6.270687995766291,23593280,7060158,54,3,3,graph_id,768,634,0.41842763161819535,0.5171643289163728,0.42492950281741665,0.015274541195921887,3,0.31875727094351614,0.3147757394324399,0.32302294751957705,bins 6-10 of 10,634
gps,signnet,pascalvoc-sp,3,14,36,per_distance,0.35946666666666666,0.007941739943698303,0.420779492979745,5.2272577685632236,23593280,7060158,54,3,3,graph_id,768,634,0.41297577878816133,0.4652540399614037,0.4181739550410071,0.0040760677418483484,3,0.31298077507685124,0.30873096059662397,0.31768570871681245,bins 6-10 of 10,634
gps,none,pascalvoc-sp,3,14,36,per_distance,0.39292666666666665,0.007900381847311783,0.4196726130275372,7.514933171126951,23593280,7060158,54,3,3,graph_id,768,634,0.4126946010370436,0.42909116152707244,0.4220895925629158,0.009769270440397767,3,0.3173495738581076,0.31387231492107,0.3214363744223499,bins 6-10 of 10,634
san,grpe,pascalvoc-sp,3,14,36,per_distance,0.1683069333950117,0.005376782354115229,0.0,1.8638823718659714,89454700,26673951,54,3,3,graph_id,768,634,0.0,0.0,0.0,0.0,3,0.0,0.0,0.0,bins 6-10 of 10,634
san,lappe,pascalvoc-sp,3,14,36,per_distance,0.17387112079576508,0.026949601958057786,0.0,2.2395371678516667,89454700,26673951,54,3,3,graph_id,768,634,0.0,0.0,0.0,0.0,3,0.0,0.0,0.0,bins 6-10 of 10,634
san,none,pascalvoc-sp,3,14,36,per_distance,0.14561605636717323,0.019006085462003663,0.0,1.2473600296274547,89454700,26673951,54,3,3,graph_id,768,634,0.0,0.0,0.0,0.0,3,0.0,0.0,0.0,bins 6-10 of 10,634
san,rwse,pascalvoc-sp,3,14,36,per_distance,0.12574765855278705,0.060809555318609446,0.0,1.9504706713431583,68302656,20401226,54,3,3,graph_id,768,634,0.0,0.0,0.0,0.0,3,0.0,0.0,0.0,bins 6-10 of 10,634
san,signnet,pascalvoc-sp,3,14,36,per_distance,0.15404425889062115,0.014517313953768993,0.0,2.2219710339528485,68302656,20401226,54,3,3,graph_id,768,634,0.0,0.0,0.0,0.0,3,0.0,0.0,0.0,bins 6-10 of 10,634
gps,signnet,peptides-func,3,26,80,per_distance,0.6198266666666666,0.01769386993660045,0.5521432946337875,18.940321855791606,885081,323817,151,1,3,graph_id,768,692,0.542833744938899,0.5622935265023415,0.5519507694522057,0.009631312067459173,3,0.5185322247605386,0.5120333991761788,0.5248688282639731,bins 6-10 of 10,692
gps,rwse,peptides-func,3,26,80,per_distance,0.6459466666666667,0.003502061297769234,0.5353034089299928,29.58482482704993,885081,323817,151,1,3,graph_id,768,692,0.5259790421576769,0.5454437404893229,0.5352771337695256,0.0017622821392749453,3,0.5032479070978952,0.4974976208052984,0.5091435328417558,bins 6-10 of 10,692
gps,none,peptides-func,3,26,80,per_distance,0.6285433333333333,0.010276392038713484,0.5237211254407227,33.08309603254901,885081,323817,151,1,3,graph_id,768,692,0.5142668128973774,0.5344166128866039,0.5236400391008995,0.007410679207389845,3,0.5059961646049739,0.5004138326917076,0.5119716862951667,bins 6-10 of 10,692
gps,lappe,peptides-func,3,26,80,per_distance,0.65369,0.010196445459080305,0.5138705997941477,37.32851053478997,885081,323817,151,1,3,graph_id,768,692,0.504612381444355,0.5241915231800723,0.5138936651371647,0.004271468809289407,3,0.49704071502349545,0.49070776841378194,0.5034433787692699,bins 6-10 of 10,692
graphormer,none,peptides-func,3,26,80,per_distance,0.590737321779224,0.00408971754254251,0.617663901712029,3.1286099475430302,77936,31212,122,1,3,graph_id,30,30,0.5787603020535161,0.6552333056694802,0.6435428217791962,0.011624452574891274,3,0.5505555492945099,0.5295778025414468,0.5704513659171467,bins 6-10 of 10,30
graphormer,rwse,peptides-func,3,26,80,per_distance,0.6084893667458896,0.009026911367619475,0.6075384796529271,3.520405947047973,77936,31212,122,1,3,graph_id,30,30,0.5728762988465338,0.6416453299065514,0.6296072297792015,0.006299170563803391,3,0.5486574094128049,0.529215003159634,0.5649797142172994,bins 6-10 of 10,30
graphormer,signnet,peptides-func,3,26,80,per_distance,0.5655665012889544,0.011952555531925835,0.6020141175853054,3.1063307399937914,77936,31212,122,1,3,graph_id,30,30,0.5664025025578436,0.6374200421142058,0.6308078650541175,0.042266985362661054,3,0.5601544133117883,0.542627776234742,0.5766577874644335,bins 6-10 of 10,30
graphormer,grpe,peptides-func,3,26,80,per_distance,0.5925080639408822,0.006190283951727202,0.5844889442989284,2.6941266714412477,77936,31212,122,1,3,graph_id,30,30,0.5469059980242069,0.6233668511545177,0.6142633654857802,0.019380890918995777,3,0.5387413519085174,0.5147634518521272,0.5633672537437112,bins 6-10 of 10,30
graphormer,lappe,peptides-func,3,26,80,per_distance,0.5572448359178007,0.007630247049627357,0.5787837277634452,2.9290587393603715,77936,31212,122,1,3,graph_id,30,30,0.5395679916505548,0.6172747141933509,0.6044218097868211,0.028633652021572913,3,0.5500542533116736,0.5284417516165655,0.5699993588771538,bins 6-10 of 10,30
san,signnet,peptides-func,3,26,80,per_distance,0.30834294135983115,0.01882719509868425,0.23895545498718682,2.70872422569276,13276656,5251798,155,1,3,graph_id,768,692,0.20922655082480168,0.27324041911883395,0.1839514964431246,0.11765824552329408,3,0.18274172614489234,0.16591228525095594,0.19934957522313035,bins 6-10 of 10,692
san,rwse,peptides-func,3,26,80,per_distance,0.29511272648609443,0.014111324548558044,0.22716547123072045,1.9892562859586964,13276656,5251798,155,1,3,graph_id,768,692,0.20303885787391465,0.2590444696647307,0.2560955764203939,0.10871238084077273,3,0.19455828984888457,0.17990022007066556,0.21074326780365038,bins 6-10 of 10,692
san,none,peptides-func,3,26,80,per_distance,0.39709952334567994,0.07581786175637893,0.20237790537539505,0.6607095320483104,13276656,5251798,155,1,3,graph_id,768,692,0.1855990429881169,0.22008768219266958,0.19995952509435425,0.1491477940631985,3,0.16432437500420677,0.15291351808172812,0.17733105537826824,bins 6-10 of 10,692
san,lappe,peptides-func,3,26,80,per_distance,0.4787413562303002,0.01418815595216001,0.03736013273493751,7.660941275174077,13276656,5251798,155,1,3,graph_id,768,692,0.03286521865201351,0.04162317460097255,0.026555882189558858,0.03710169117752287,3,0.02893102297825597,0.026239534226285274,0.031545667533077915,bins 6-10 of 10,692
san,grpe,peptides-func,3,26,80,per_distance,0.47715116223283477,0.01683832305373225,0.014626849908214277,10.04288450141747,13276656,5251798,155,1,3,graph_id,768,692,0.013886262086777488,0.015528928764035213,0.014885920139965597,0.005159891890965308,3,0.012637421487294128,0.011854680175832086,0.013478977817878683,bins 6-10 of 10,692
gps,rwse,peptides-struct,3,26,80,per_distance,0.2791166666666667,0.014048282220020119,0.6696658782012258,14.036882100785656,3536485,1306757,153,1,3,graph_id,768,692,0.6623150948749947,0.6767383060246674,0.6684449872384944,0.01881774468031996,3,0.48300840718421606,0.47817311439250665,0.4877203416443009,bins 6-10 of 10,692
gps,lappe,peptides-struct,3,26,80,per_distance,0.25051,0.00040706264874095855,0.6282983130587395,13.485683737257553,3536485,1306757,153,1,3,graph_id,768,692,0.6215661965551489,0.6345767528550096,0.6266380374490165,0.01804929115479489,3,0.46499810010977843,0.46064583836474515,0.4695967833849762,bins 6-10 of 10,692
gps,none,peptides-struct,3,26,80,per_distance,0.3740266666666667,0.02626065942304825,0.6266189621912811,20.68813788180173,3536485,1306757,153,1,3,graph_id,768,692,0.6205129766042434,0.633737131967608,0.6262617306623723,0.00995251783169741,3,0.5257881530366195,0.5221074767746591,0.529439583361,bins 6-10 of 10,692
gps,signnet,peptides-struct,3,26,80,per_distance,0.25627666666666665,0.0020278642295117524,0.5684547066727388,9.674398273114607,3536485,1306757,153,1,3,graph_id,768,692,0.5638148033033641,0.5729520063682956,0.568385370445008,0.007081688600758377,3,0.45835605130037965,0.45453497961287426,0.462031369656008,bins 6-10 of 10,692
graphormer,grpe,peptides-struct,3,26,80,per_distance,0.26430006821950275,0.005630548875169929,0.6970561659366824,0.8384247674439431,77936,31212,122,1,3,graph_id,30,30,0.6772337550670179,0.7165305337370804,0.7102007838640322,0.03713020468891858,3,0.5806846011458286,0.5645138369972013,0.5972349519435147,bins 6-10 of 10,30
graphormer,none,peptides-struct,3,26,80,per_distance,0.2638109624385834,0.002476221972903721,0.6837716153418658,0.8514289428419042,77936,31212,122,1,3,graph_id,30,30,0.6542760261298167,0.714307659917311,0.7072272684370339,0.019414212091117006,3,0.5823336983665142,0.5625163617964234,0.5982649933580659,bins 6-10 of 10,30
graphormer,lappe,peptides-struct,3,26,80,per_distance,0.26691100001335144,0.0025122366016456003,0.6836255467009896,0.824006079807336,77936,31212,122,1,3,graph_id,30,30,0.6555456230344966,0.7079046073210599,0.6651357437064538,0.04240475457200496,3,0.5797829895291011,0.5629978820943974,0.5950671511074688,bins 6-10 of 10,30
graphormer,signnet,peptides-struct,3,26,80,per_distance,0.2689008017381032,0.0016780823839456342,0.6650507394543328,0.8525776080439024,77936,31212,122,1,3,graph_id,30,30,0.6329256084681534,0.6942858582595178,0.6535005869580129,0.038816481845808,3,0.5771980237736953,0.5567934997296249,0.5951713138943663,bins 6-10 of 10,30
graphormer,rwse,peptides-struct,3,26,80,per_distance,0.2607167065143585,0.00751638773690168,0.6592019142241679,0.7625148539834676,77936,31212,122,1,3,graph_id,30,30,0.6286165999570972,0.6867805142715344,0.6822435391113756,0.03367697158054237,3,0.5846183182863914,0.5627245413497981,0.6056762288293855,bins 6-10 of 10,30
san,rwse,peptides-struct,3,26,80,per_distance,0.30563142933121556,0.02120390537060725,0.391507317714687,3.793417302579571,13276656,5251798,155,1,3,graph_id,768,692,0.30501282473185587,0.47561656368843636,0.31281920654559997,0.10086683649220003,3,0.3061472945361945,0.24930960972573082,0.36837270701411273,bins 6-10 of 10,692
san,none,peptides-struct,3,26,80,per_distance,0.3962333237743813,0.058860983966064186,0.2920276692994248,8.733526066560025,13276656,5251798,155,1,3,graph_id,768,692,0.20868759676010218,0.3786434064913378,0.29182317190609103,0.04036055961301594,3,0.23210951101180263,0.21101073498565814,0.25794153312506385,bins 6-10 of 10,692
san,signnet,peptides-struct,3,26,80,per_distance,0.2823826213065348,0.007602530895907538,0.05113112227543373,11.627200381125053,13276656,5251798,155,1,3,graph_id,768,692,0.04706817822992553,0.055279134469103104,0.051156968940601406,0.008011016215441752,3,0.023731525040572,0.021334988340249512,0.026031922262412705,bins 6-10 of 10,692
san,lappe,peptides-struct,3,26,80,per_distance,0.2960976261919392,0.022026262901283126,0.03948267301396143,3.9832215181823885,13276656,5251798,155,1,3,graph_id,768,692,0.035351462553456364,0.043834324505174625,0.03236481446981385,0.020101748841894976,3,0.020235062341768667,0.017575030776968932,0.02285346060101279,bins 6-10 of 10,692
san,grpe,peptides-struct,3,26,80,per_distance,0.2807816284365388,0.004442596300158355,0.012156225764782324,2.9646816390350432,13276656,5251798,155,1,3,graph_id,768,692,0.010957213437077439,0.013378477955005755,0.012248772659285964,0.005061140801442667,3,0.006503744398616133,0.0057436831573890335,0.0072511844419769975,bins 6-10 of 10,692
